event_date,customer_id,order_id,total_value,discount_percent,cost_price,profit
20201115,3526931.3784502135,546220723,48,0.3,28.8,9.12
20201115,3776054.3479849754,6075751134,16,0.26,9.6,6.08
20201115,4766255.6864161154,2231219817,,0.04,,
20201115,7491772.4402157850,4059381537,30,0.39,18.0,0.9
20201115,8245686.1133438238,1095362478,,0.1,,
20201115,67005637.6761486039,6589176143,,0.36,,
20201115,79677269.4180879894,6486814289,96,0.49,57.6,-0.96
20201115,91376862.4856404354,1679834550,20,0.15,12.0,-0.4
20201115,91950347.7626682265,8758121674,44,0.24,26.4,10.56
20201115,1442181.1876979854,6880011505,,0.46,,
20201115,21957871.8710533603,3739428293,,0.31,,
20201115,40346918.5536032263,305649061,,0.03,,
20201115,8863355.4914234319,1086037755,,0.17,,
20201115,46319929.6939274429,3596183168,52,0.01,31.2,2.6
20201115,44948793.1646090451,7887480505,,0.31,,
20201115,83509896.1101407720,4690717315,,0.32,,
20201115,7698474.4473587620,7049699808,,0.45,,
20201115,29012834.8786573186,6388140126,,0.45,,
20201115,74795146.0535576826,3508498523,,0.41,,
20201115,3030394.7459625087,4038843395,,0.02,,
20201115,34001109.5893008660,709886326,,0.25,,
20201224,1655781.0131717336,4229952677,32,0.37,19.2,10.24
20201224,1811862.9527400954,6594953813,76,0.2,45.6,28.88
20201224,2644910.8341124073,6700785784,8,0.38,4.8,2.88
20201224,7989341.0097191625,,,0.41,,
20201224,8214299.2030521634,1804527312,120,0.45,72.0,25.2
20201224,13756133.7762491194,3930462859,,0.45,,
20201224,23329127.3308417947,7500859202,99,0.23,59.4,38.61
20201224,50168082.8967124218,9819672801,24,0.08,14.4,6.48
20201224,59628020.4516096651,1831719753,,0.16,,
20201224,9191614969.9586626915,1922968412,55,0.35,33.0,18.7
20201224,9191614969.9586626915,3423609845,55,0.02,33.0,14.3
20201224,12910142.0755638588,8635815938,,0.34,,
20201224,18574166.5670947032,1164798030,40,0.16,24.0,15.2
20201224,21683663.4440188892,2689355183,,0.42,,
20201224,84505235.3811031418,6602299378,,0.15,,
20201224,71887902.6884854131,8083591894,,0.14,,
20201224,91179760.4838146379,956012746,,0.04,,
20201224,2232278.4300512401,9890767932,,0.35,,
20201224,5157888.7472869085,4001430052,59,0.3,35.4,1.77
20201224,61926936.5478907982,5823489178,,0.26,,
20201224,4894078.6166673508,9956658009,,0.43,,
20201224,8729822.7526838334,9681225255,,0.35,,
20201224,72350469.7974540341,4207469105,,0.42,,
20210113,1597302.4432852477,5394954307,14,0.1,8.4,5.6
20210113,1827796.6933009711,1530169487,,0.44,,
20210113,2221352.0772999791,6295151126,36,0.44,21.6,14.04
20210113,2242838.1990850485,4550164848,44,0.37,26.4,-3.08
20210113,2242838.1990850485,3200470712,44,0.41,26.4,5.28
20210113,2989628.1463094396,1150956754,,0.35,,
20210113,3125944.3495334575,924529089,18,0.06,10.8,3.6
20210113,7989341.0097191625,7765456782,,0.41,,
20210113,8735747.5391513797,3872109131,,0.27,,
20210113,8735747.5391513797,5207848436,,0.03,,
20210113,12421089.9072096366,8357718764,,0.37,,
20210113,16376869.9874342879,9295473858,88,0.3,52.8,16.72
20210113,18999141.8287009669,1159311346,24,0.25,14.4,7.2
20210113,33973499.7660446490,6123355003,,0.1,,
20210113,34601914.8335175706,4791716192,44,0.46,26.4,14.08
20210113,46104581.7287269838,4155296850,,0.07,,
20210113,46391489.2740731594,,,0.29,,
20210113,74206339.1857618156,1793796616,92,0.4,55.2,-2.76
20210113,90787481.6558887535,3351772341,,0.03,,
20210113,8822878673.4974906772,,,0.41,,
20210113,1565944.2403531565,3866489330,40,0.42,24.0,6.8
20210113,2818855.2819610627,6143865692,18,0.22,10.8,-0.18
20210113,8733061.5415155980,7349333745,,0.15,,
20210113,16678335.8235637155,1092309904,,0.27,,
20210113,1263510.2346903431,3856166087,,0.49,,
20210113,6476704.8957418858,636956395,,0.31,,
20210113,45479032.7200143782,2132089979,,0.26,,
20210113,2989708.3724659137,3558273849,,0.03,,
20210113,3452874.7364832626,5572738481,,0.2,,
20210113,35711520.4643729521,1998152239,100,0.09,60.0,27.0
20210113,55313333.8413369578,8670704018,,0.0,,
20210113,59728514.6794390622,5065853430,,0.02,,
20210113,29570964.3192916968,2377758698,,0.2,,
20210113,93208681.4784997969,4384094578,,0.13,,
20210113,11810836.6933173715,2689800585,,0.21,,
20210113,4553520.4581207598,1168671571,,0.19,,
20210114,1056498.5939985013,132370011,,0.24,,
20210114,1610487.4035868611,410111968,,0.37,,
20210114,1760327.1126266238,2713492860,69,0.03,41.4,17.25
20210114,2288007.4516543064,3600731410,12,0.44,7.2,1.92
20210114,2288007.4516543064,4932824228,12,0.49,7.2,0.36
20210114,2288007.4516543064,4196395353,12,0.25,7.2,2.88
20210114,2651197.1532552824,6003853781,92,0.2,55.2,7.36
20210114,2651197.1532552824,8625257153,48,0.41,28.8,6.24
20210114,3091736.0273308554,1998619945,55,0.23,33.0,-1.65
20210114,3098302.0062773755,,,0.45,,
20210114,3741233.8033150785,6226270032,48,0.42,28.8,-4.32
20210114,4571300.1430687449,6317607491,44,0.32,26.4,0.88
20210114,4571300.1430687449,4368822287,38,0.03,22.8,12.92
20210114,4939841.7691196568,7166926818,,0.21,,
20210114,10469704.3472380781,2033753400,,0.49,,
20210114,22646362.7872198387,4234932841,,0.21,,
20210114,30994156.8515094824,1560292731,,0.48,,
20210114,30994156.8515094824,5974818329,,0.13,,
20210114,47392694.7102797688,,,0.15,,
20210114,52873910.3837820346,5605613586,,0.05,,
20210114,54696845.1905811411,,,0.16,,
20210114,54696845.1905811411,,,0.08,,
20210114,81822575.7298912032,9772644010,29,0.13,17.4,0.87
20210114,86199726.3214867319,2638824949,25,0.08,15.0,6.5
20210114,2996087395.1661557719,752369086,,0.21,,
20210114,4272875163.1610352147,7607019843,,0.18,,
20210114,5671461926.8532720409,524478562,7,0.03,4.2,2.38
20210114,6596652961.1677282072,,,0.4,,
20210114,2449114.2763043847,7723200866,,0.41,,
20210114,3313947.5635420971,3971138926,,0.12,,
20210114,3577740.6099509380,9609702319,20,0.16,12.0,2.0
20210114,7203299.0738212869,7214819096,,0.35,,
20210114,7616416.3442436459,8939463680,,0.4,,
20210114,26101027.9336397994,9012790153,,0.4,,
20210114,45275825.1846507675,1969860817,48,0.39,28.8,-2.88
20210114,81446984.1609942483,9527218814,68,0.2,40.8,10.2
20210114,3138351.1080068706,2552095833,,0.27,,
20210114,39845693.8115714569,4298050170,32,0.3,19.2,8.32
20210114,80399793.1335226221,9999219962,132,0.22,79.2,-7.92
20210114,88260882.4631526417,7078540587,42,0.15,25.2,15.54
20210114,2011898130.9354861717,1162201686,,0.24,,
20210114,1955996.6496160858,2005891136,,0.36,,
20210114,6070906.8817356972,2669334433,,0.34,,
20210114,2327591.8383238956,6261183216,,0.34,,
20210114,5913077.9676627457,7181005350,,0.47,,
20210114,7209172.2039208722,9445653801,,0.21,,
20210114,6359627.3798772018,5900022807,,0.0,,
20210114,6359627.3798772018,5900022807,,0.25,,
20210114,78767229.7873550362,7617834526,,0.48,,
20210114,58107154.5830605950,2214304411,,0.22,,
20210114,2566418.5535518831,7306736466,,0.48,,
20210114,2743599.5142228112,7310054236,,0.03,,
20210114,51069406.8561317613,9358222719,,0.28,,
20210114,9222870.9095775010,8156026107,,0.11,,
20201225,2876583.5568477554,5561466742,,0.25,,
20201225,2935483.4809296529,8488109525,37,0.21,22.2,13.32
20201225,3808964.8830918987,2390136454,14,0.01,8.4,4.06
20201225,4977139.8804366424,5219321723,,0.19,,
20201225,6918448.4186180278,4081575841,11,0.35,6.6,3.19
20201225,8992749.5867986999,9021045075,26,0.41,15.6,0.26
20201225,12213703.3562085871,9031213153,44,0.31,26.4,-0.88
20201225,17494077.2658372366,9839494732,,0.18,,
20201225,40980474.3890528687,2347970876,32,0.27,19.2,11.52
20201225,87577432.8152098260,,,0.05,,
20201225,3055730.7915438788,5517002621,48,0.25,28.8,-2.88
20201225,6959133.0796529462,8974633604,,0.04,,
20201225,7989341.0097191625,6308251154,,0.22,,
20201225,19228473.0788389972,1317475804,,0.11,,
20201225,45048252.2420963640,1407078854,,0.33,,
20201225,5706715.6852183826,9281423545,,0.06,,
20201225,40059472.6231450399,1275794498,,0.43,,
20201231,1720255.4510701421,4063436287,,0.08,,
20201231,1720255.4510701421,4063436287,,0.28,,
20201231,2418457.6264805451,1898103310,20,0.46,12.0,5.0
20201231,3830673.4752434108,9780247473,,0.32,,
20201231,4655775.4039345493,7131746778,40,0.31,24.0,-3.2
20201231,4792087.7875785224,829831929,,0.04,,
20201231,4874810.7850112978,6603203124,,0.19,,
20201231,5467717.9448603297,1679655814,75,0.39,45.0,14.25
20201231,73317479.4306868663,6305423304,,0.09,,
20201231,87116489.5307133653,4480331030,16,0.2,9.6,0.0
20201231,1662132.7705678436,1288093468,,0.29,,
20201231,5550109.1370911778,8215318136,,0.33,,
20201231,5556391.0179080945,4006523621,,0.14,,
20201231,81766978.2033601689,5899727683,40,0.19,24.0,-3.6
20201231,1181671929.7227404022,1613428726,,0.27,,
20201231,6670122091.4622753239,3811318912,31,0.4,18.6,8.06
20201231,7329327.2927230381,9920933703,,0.24,,
20201231,15046526.4562004600,1306021305,,0.17,,
20201231,15046526.4562004600,5235185513,,0.08,,
20201231,15046526.4562004600,4907173276,,0.13,,
20201231,73744073.0825120998,4421063970,,0.25,,
20201231,18637647.0398129287,7652911683,,0.11,,
20201231,5113443.5387152232,3182009989,,0.31,,
20201231,8316881.1639820242,9923551345,138,0.1,82.8,34.5
20201231,7509303346.8821447922,7918785497,,0.08,,
20201230,1678004.9029250603,4827346062,25,0.07,15.0,2.25
20201230,3090773.1638763101,8084966666,37,0.46,22.2,14.43
20201230,3491526.3640223848,,,0.24,,
20201230,5444054.0299206594,8951252468,,0.34,,
20201230,6027887.5211064946,2605951106,,0.49,,
20201230,48751682.0323834062,,,0.38,,
20201230,48751682.0323834062,,,0.38,,
20201230,48751682.0323834062,,,0.43,,
20201230,48751682.0323834062,,,0.09,,
20201230,48751682.0323834062,,,0.42,,
20201230,48751682.0323834062,,,0.28,,
20201230,48751682.0323834062,,,0.34,,
20201230,48751682.0323834062,,,0.39,,
20201230,48751682.0323834062,,,0.29,,
20201230,48751682.0323834062,,,0.33,,
20201230,48751682.0323834062,,,0.08,,
20201230,48751682.0323834062,,,0.12,,
20201230,48751682.0323834062,,,0.14,,
20201230,48751682.0323834062,,,0.33,,
20201230,51359052.9832825278,9752611203,,0.07,,
20201230,55542931.7084954193,2629590333,,0.02,,
20201230,59277247.3483663314,33758062,24,0.13,14.4,8.16
20201230,89140417.9002672475,9879804905,480,0.46,288.0,-19.2
20201230,6670122091.4622753239,5960749498,22,0.02,13.2,8.58
20201230,6670122091.4622753239,5960749498,22,0.21,13.2,4.84
20201230,7630384.3246315291,6326221950,,0.38,,
20201230,58350081.9428565346,3764318381,,0.38,,
20201230,46713699.8088713367,4994793370,,0.48,,
20201230,50361845.1840834873,1827254455,,0.05,,
20201230,78221431.2724111930,6036499856,192,0.04,115.2,61.44
20201230,87037606.3003629319,2708520663,,0.29,,
20201230,61749419.0629177892,4788460165,50,0.26,30.0,-4.5
20201230,6670122091.4622753239,1215285822,,0.45,,
20201230,1678004.9029250603,5019706489,125,0.47,75.0,18.75
20201230,82552229.9514417843,5470260525,,0.27,,
20201230,69193300.1901961273,8517125070,,0.13,,
20201230,5320068.3830223799,4351091295,162,0.03,97.2,34.02
20210109,1158637.0383647084,9178072777,44,0.09,26.4,4.84
20210109,3634722.5332335025,5427885245,,0.09,,
20210109,5491018.4532696593,7899745278,55,0.23,33.0,14.85
20210109,60843222.5171052038,,,0.47,,
20210109,90197407.6635841321,6856263233,55,0.35,33.0,13.75
20210109,4753564.8168919712,3888478875,,0.36,,
20210109,4819495.8466668365,1656748583,,0.01,,
20210109,6436495.4831121763,8068887879,,0.41,,
20210109,14302032.1404243708,9416009592,,0.32,,
20210109,36081120.9781065736,2099830827,,0.48,,
20210109,50394923.2952435045,4230909105,71,0.2,42.6,12.07
20210109,3092972535.1252782928,8236383212,,0.4,,
20210109,4819495.8466668365,3727561211,,0.42,,
20210109,2571967530.2221797757,633884287,,0.32,,
20210109,31226161.5287682516,9512393168,,0.37,,
20210109,8857856483.8004073762,362288800,,0.06,,
20210109,1306542.3194160764,7615008057,153,0.33,91.8,-3.06
20210109,8741663.0518466186,1846770842,,0.03,,
20210109,4819495.8466668365,2426550616,,0.17,,
20210109,5049679269.2877748576,4496502210,,0.3,,
20210126,1853643.3428383635,,,0.48,,
20210126,2042831.7286537321,,,0.43,,
20210126,2280241.7950036696,1162441252,38,0.46,22.8,-1.9
20210126,2298844.6958469404,,,0.14,,
20210126,3297728.5602497021,,,0.33,,
20210126,3599399.6686694108,,,0.11,,
20210126,5184896.7773934801,9235339125,,0.42,,
20210126,5746969.2137483525,,,0.21,,
20210126,6743101.4280021996,,,0.44,,
20210126,7127030.2823157340,6785150285,24,0.23,14.4,9.6
20210126,7291397.6091074904,,,0.03,,
20210126,7333732.4162222716,,,0.35,,
20210126,7646522.0396292431,,,0.29,,
20210126,8321172.7493780280,,,0.49,,
20210126,8571843.9058320381,,,0.31,,
20210126,8571843.9058320381,,,0.25,,
20210126,8808706.6279424881,7004370396,10,0.11,6.0,1.8
20210126,8922626.4347602444,,,0.47,,
20210126,9496678.6298237945,,,0.14,,
20210126,14058582.9385029369,,,0.1,,
20210126,15883357.2519845193,2674226125,,0.03,,
20210126,16093880.9382962150,4260870052,,0.23,,
20210126,20492746.1993325002,,,0.48,,
20210126,22747613.6306010094,,,0.13,,
20210126,25559255.0473451895,,,0.19,,
20210126,26045316.6076625887,,,0.47,,
20210126,31640172.6087660596,,,0.32,,
20210126,41786391.2766491024,,,0.44,,
20210126,42546302.3184448201,,,0.46,,
20210126,45237746.5667441680,6247808608,55,0.42,33.0,13.2
20210126,49767223.5352585859,,,0.41,,
20210126,50884028.1034896087,1154910245,12,0.05,7.2,1.8
20210126,54509774.5004364309,,,0.13,,
20210126,57736746.4807313510,2948907996,,0.46,,
20210126,61771796.6934450948,9457594371,38,0.5,22.8,14.82
20210126,62339222.8549151994,,,0.1,,
20210126,64153722.8541983540,,,0.21,,
20210126,64920042.7172093895,,,0.09,,
20210126,64920042.7172093895,,,0.37,,
20210126,72669904.7639979358,,,0.17,,
20210126,83275012.7274119616,,,0.31,,
20210126,88929019.3402896993,,,0.27,,
20210126,1894983799.0934918731,,,0.35,,
20210126,3877486.7761649558,2822216424,,0.37,,
20210126,8922626.4347602444,6466248274,,0.38,,
20210126,17723870.8339931689,8139735564,144,0.32,86.4,54.72
20210126,2552499.2967992898,2019397799,,0.41,,
20210126,77935609.6554925875,1697925196,,0.25,,
20210126,1076048999.1524631135,2202560364,,0.23,,
20210126,8816916.6059271167,2928669194,,0.33,,
20210126,8922626.4347602444,8763440065,,0.37,,
20210126,3612440628.1896153694,3462900477,98,0.02,58.8,21.56
20210126,22758259.7142181160,2606036527,,0.08,,
20210126,8252618717.0494009861,7125824059,,0.11,,
20210126,5309497742.4560578847,2824315802,,0.18,,
20210121,1182904.1878354544,,,0.25,,
20210121,2095299.8404862362,7856477484,,0.01,,
20210121,3361034.4507376856,5396479168,12,0.47,7.2,1.2
20210121,5184896.7773934801,9094747873,,0.09,,
20210121,5184896.7773934801,5538397594,,0.31,,
20210121,7933980.0073382229,6745358955,,0.02,,
20210121,21879794.5087489628,5386384455,44,0.4,26.4,-0.44
20210121,37657350.9876173824,9205739218,,0.01,,
20210121,40322346.7762887949,,,0.25,,
20210121,40901811.1171290722,9221535986,44,0.17,26.4,5.72
20210121,79173479.1654218830,1040499224,44,0.06,26.4,3.08
20210121,85164885.2090345688,8788660449,,0.25,,
20210121,3297728.5602497021,2111356310,,0.11,,
20210121,7525051.3431922932,8198378524,,0.35,,
20210121,8586642.3694137955,6692504879,104,0.11,62.4,1.04
20210121,8905000.7139776419,9957255508,,0.33,,
20210121,52768784.2327124854,5922068925,,0.39,,
20210121,71187662.8657925212,5264860321,,0.01,,
20210121,72275845.1755516158,3260905267,395,0.0,237.0,102.7
20210121,2127367.4441935233,5934985703,80,0.32,48.0,16.0
20210121,3453405.5986775605,5783839239,,0.44,,
20210121,6789255.8149326021,3515134575,,0.01,,
20210121,8321172.7493780280,6914407968,154,0.21,92.4,49.28
20210121,52862856.2554999204,6502558011,98,0.28,58.8,13.72
20210121,66744288.9282795542,6998356028,96,0.12,57.6,0.96
20210121,66999027.0229648490,2760203514,,0.21,,
20210121,1594874.6106636037,7728348081,,0.0,,
20210121,4571790.4716367763,9869834972,,0.45,,
20210121,6354182.0340556014,5339448375,,0.44,,
20210121,7333732.4162222716,6173273971,,0.07,,
20210121,18826010.1177085691,7461842024,,0.42,,
20210121,56116181.3729633377,7150931070,,0.49,,
20210121,77589527.0276705370,9206606636,,0.49,,
20210121,89204999.8110590411,980900848,,0.25,,
20210121,2095299.8404862362,1726622047,,0.34,,
20210121,5114182.5685213207,3234168181,,0.46,,
20210121,6456054.7140086813,9202379447,,0.2,,
20210121,8391087.6580778035,8886285089,,0.34,,
20210121,72957336.1004222273,2231635776,84,0.15,50.4,-7.56
20210121,86121936.2933288658,329412590,,0.1,,
20210121,2095299.8404862362,2739337173,,0.14,,
20210121,4565585.6143138051,5014177703,,0.15,,
20210121,7479349.1949480609,245658449,,0.19,,
20210121,18959111.1595509886,6344518971,,0.44,,
20210121,27815556.2090097227,6132334268,,0.43,,
20210121,73497675.9720954301,7810894334,,0.5,,
20210121,8076546.3814078834,9375832005,86,0.16,51.6,8.6
20210121,69515603.8086432782,6333948097,,0.48,,
20210121,6596516.5623513414,4941109892,,0.08,,
20210121,83072571.2219987254,7415644027,,0.12,,
20210121,5250455.6726775304,1766438320,47,0.4,28.2,16.92
20210121,16781365.5167027314,8231116642,,0.46,,
20201114,1686049.6825406467,9583166133,48,0.27,28.8,-0.96
20201114,7444839.8804218896,7442131844,,0.06,,
20201114,7798879.3207627147,8512414150,37,0.35,22.2,11.84
20201114,10905693.2254980815,2773483683,28,0.26,16.8,-0.28
20201114,23851655.0546635394,7506852464,,0.08,,
20201114,58202770.9352561653,1727820365,92,0.2,55.2,34.96
20201114,3087694.4745898961,3407110869,88,0.25,52.8,24.64
20201114,4793087.3513596462,262758565,,0.13,,
20201114,5805017.6522131594,8555115040,,0.41,,
20201114,6961838.2919122157,5023976877,97,0.29,58.2,-5.82
20201114,7798879.3207627147,2573710819,82,0.3,49.2,9.84
20201114,13140650.3592368904,5370532356,,0.19,,
20201114,16053296.2312130373,5125174012,49,0.11,29.4,7.84
20201114,29035347.8015724334,9766585530,101,0.18,60.6,8.08
20201114,57516363.5758729134,8472907015,,0.33,,
20201114,64797298.8608140430,1967851587,,0.48,,
20201114,7940945.2925551216,2340791182,,0.08,,
20201114,8872008.3003968101,6816318358,,0.1,,
20201114,11446993.7876701936,4421643170,,0.47,,
20201114,14702008.5250023594,7970285377,,0.21,,
20201114,46883960.6190957761,6908101673,,0.26,,
20201114,50234006.7156805216,237889575,,0.46,,
20201114,67300719.0613628944,6518099327,,0.0,,
20201114,36185608.4688744734,5710106725,,0.47,,
20201114,82508817.4629191879,6001591467,,0.05,,
20201114,1554450.8430552983,797895918,,0.32,,
20201114,6717719.5371562480,4773908539,,0.22,,
20201114,69531375.3245954092,1846869767,,0.18,,
20201114,78124649.1656587707,9653584919,,0.09,,
20201114,5945718.9383173023,9229750950,,0.25,,
20201126,3314192.6404289351,494330805,55,0.03,33.0,18.7
20201126,4579730.2657947414,1527719046,44,0.19,26.4,2.64
20201126,6030522.6567948401,3247506867,30,0.27,18.0,-2.7
20201126,6044179.9713391423,5704960833,,0.45,,
20201126,7987433.0547250841,5175680880,,0.2,,
20201126,13429550.1174612381,,,0.35,,
20201126,17687643.0735161866,6563478719,,0.42,,
20201126,18469821.5170103104,,,0.27,,
20201126,28182246.9243158427,8531394747,16,0.18,9.6,3.2
20201126,28182246.9243158427,4922977287,29,0.0,17.4,10.44
20201126,35367039.8308787550,3465339507,28,0.02,16.8,1.68
20201126,42405038.8323381302,7619953831,37,0.33,22.2,-1.48
20201126,42828842.6548813455,2312019241,30,0.34,18.0,6.3
20201126,42899000.7454943172,4996474509,13,0.29,7.8,3.77
20201126,46734973.9290399270,549918109,,0.44,,
20201126,47416269.1313769797,4041764272,,0.3,,
20201126,56455488.8645523099,,,0.39,,
20201126,67990634.0151910511,393495730,24,0.42,14.4,1.2
20201126,80208775.3915875119,8115149970,,0.49,,
20201126,88841711.9549610063,3382829922,,0.01,,
20201126,1439927.0145685301,6204611170,60,0.16,36.0,15.0
20201126,1550859.5605002123,6388686532,,0.49,,
20201126,1577730.6536343723,1203295264,20,0.3,12.0,6.2
20201126,3952536.1153406582,2736464134,104,0.48,62.4,15.6
20201126,4579624.7993134890,2480871799,33,0.2,19.8,2.97
20201126,5846466.3241896799,3791286359,,0.36,,
20201126,6374509.0554738373,268944377,,0.41,,
20201126,6698358.4948359155,7221304461,152,0.42,91.2,6.08
20201126,11251067.8076493504,5793737854,,0.26,,
20201126,12381181.9705732116,672384411,32,0.05,19.2,1.28
20201126,25802072.3308665233,4036416279,52,0.25,31.2,0.0
20201126,26890766.3795079711,7836039657,30,0.19,18.0,-2.7
20201126,43906788.7546190026,9468810095,,0.06,,
20201126,68296803.9320657032,8747442496,,0.15,,
20201126,68340330.6218248479,3117510217,,0.28,,
20201126,78684961.6003391059,6766124984,,0.49,,
20201126,80208775.3915875119,7690574403,,0.2,,
20201126,80208775.3915875119,7431428645,48,0.07,28.8,-4.32
20201126,82790046.1686536183,6568198213,24,0.11,14.4,3.36
20201126,83481361.1817813904,1181566511,,0.08,,
20201126,88818213.3581061218,1704023010,110,0.35,66.0,1.1
20201126,1393292.7340025556,3367425208,,0.1,,
20201126,3921417.7949867132,4811161473,108,0.4,64.8,-4.32
20201126,80816097.5485623131,6033675425,61,0.13,36.6,20.74
20201126,1349811.1244559364,201869809,,0.3,,
20201126,3327716.6139481359,4653248044,,0.29,,
20201126,35522671.6536677001,5228459664,,0.0,,
20201126,21199689.9636890755,530828295,,0.13,,
20201126,24006366.1954329758,9336265213,,0.33,,
20201126,39965653.0318600367,3821187536,,0.37,,
20201126,80052422.3313734927,8309179460,,0.04,,
20201126,80825724.4005939752,4558270175,,0.48,,
20201126,29836460.5039155988,7526582905,,0.15,,
20201126,90732736.8391346787,8573138315,,0.14,,
20201126,39388951.3688006674,9483056019,,0.14,,
20201126,66209749.3358798510,492566498,,0.46,,
20201126,59283995.2508616440,5800788757,,0.47,,
20201208,1026932.0858862293,290614046,48,0.24,28.8,1.92
20201208,1026932.0858862293,2810029460,,0.1,,
20201208,1333904.0818259561,293404918,48,0.46,28.8,-2.4
20201208,1899612.8238628379,5065688298,,0.35,,
20201208,2113325.1940945017,8318012702,,0.08,,
20201208,2504014.4277661262,1065471039,16,0.44,9.6,2.72
20201208,2676882.9156197037,9390249487,44,0.07,26.4,17.16
20201208,3376047.9128522886,6023302832,,0.41,,
20201208,3457650.2924951409,6762758054,,0.37,,
20201208,3694504.8835378753,8082552673,,0.13,,
20201208,4853857.3181516287,3681009157,,0.17,,
20201208,4970125.1163716142,4873049517,,0.22,,
20201208,4970125.1163716142,685707647,,0.2,,
20201208,5898251.1308942779,3637544163,,0.17,,
20201208,5898251.1308942779,3860807288,,0.01,,
20201208,5898251.1308942779,4177576778,12,0.11,7.2,3.48
20201208,5898251.1308942779,8415420648,,0.0,,
20201208,5929298.3495046149,1186485219,40,0.05,24.0,13.2
20201208,7644052.7232523165,2123499164,,0.28,,
20201208,7750159.6505312378,4334660353,24,0.09,14.4,-0.48
20201208,8058011.9985023895,8770064539,,0.31,,
20201208,8231820.2044663288,6702896885,,0.44,,
20201208,8455928.7124581689,3702428380,8,0.12,4.8,0.24
20201208,8455928.7124581689,3702428380,8,0.44,4.8,0.16
20201208,9165170.8636653512,8906881740,24,0.46,14.4,-0.24
20201208,10945077.7212556025,5077344675,,0.47,,
20201208,15957353.1002579110,1705760517,24,0.4,14.4,8.88
20201208,23471077.0151968616,2389562437,,0.37,,
20201208,24897762.0454201456,5431602396,17,0.46,10.2,0.34
20201208,43259288.5905790888,7074186689,96,0.41,57.6,23.04
20201208,46297179.0171278742,3885838522,,0.11,,
20201208,46711302.2852397988,8144451319,27,0.24,16.2,5.13
20201208,47489797.9423500206,6380828320,,0.25,,
20201208,52407464.0313773688,8596100659,,0.16,,
20201208,52644953.9352687463,3683972665,,0.16,,
20201208,54650531.8943536891,6374030653,20,0.11,12.0,2.0
20201208,60290905.3120917328,8077307247,69,0.36,41.4,11.73
20201208,75936532.1243464726,326433473,,0.38,,
20201208,76034714.5172119749,,,0.25,,
20201208,76327181.8386187810,56519353,5,0.48,3.0,1.0
20201208,76850448.7671717404,6614688698,16,0.22,9.6,5.6
20201208,84066312.1151239105,3903332092,40,0.01,24.0,10.4
20201208,84733987.1998752292,3111840613,,0.08,,
20201208,2879559328.6114740318,4277479506,,0.08,,
20201208,4646569700.1915538567,6159506397,,0.41,,
20201208,1854862.9557304483,3900047090,,0.38,,
20201208,2317598.9209464204,8588939306,,0.25,,
20201208,2546049.6626963713,5704023489,105,0.37,63.0,38.85
20201208,2613398.2166675477,4634860410,24,0.03,14.4,8.88
20201208,2871704.5311484997,7754464084,50,0.38,30.0,15.5
20201208,4807476.3324701251,4272928171,16,0.41,9.6,5.28
20201208,4983577.8461145532,1909622851,72,0.36,43.2,-5.04
20201208,6662036.7879446573,1962433001,,0.12,,
20201208,7421090.1311478278,305845389,,0.36,,
20201208,7862002.2519400746,1953230935,,0.31,,
20201208,8755294.0883074326,9467536205,,0.23,,
20201208,8778258.6853868743,8848522310,,0.36,,
20201208,24524364.1326643374,1509516003,,0.2,,
20201208,31634486.5789704122,7259006464,,0.48,,
20201208,39049092.9395215156,1909126697,,0.34,,
20201208,39049092.9395215156,1215778707,,0.27,,
20201208,39049092.9395215156,8227411556,,0.04,,
20201208,39049092.9395215156,4798112871,,0.34,,
20201208,39049092.9395215156,2321441884,,0.27,,
20201208,44050879.9039342218,6284796033,72,0.21,43.2,21.6
20201208,45465207.4943375965,9156213838,64,0.24,38.4,3.2
20201208,55808853.8197957326,6108531082,,0.31,,
20201208,66638267.7996007059,5840846907,,0.25,,
20201208,68810872.5074560693,5149808932,84,0.1,50.4,8.4
20201208,71948032.1971599305,6078685530,,0.37,,
20201208,73744073.0825120998,9013069904,60,0.05,36.0,1.2
20201208,79214612.7407451783,7887535514,110,0.32,66.0,37.4
20201208,79553165.4071602117,2088929403,,0.35,,
20201208,91274512.0451281678,9292795654,152,0.37,91.2,56.24
20201208,4108803108.5870431970,563140831,,0.43,,
20201208,5118314977.7329883809,6531777942,,0.4,,
20201208,1219636.7573278529,2991775080,,0.32,,
20201208,1793657.4173240079,2848849909,,0.48,,
20201208,4241710.4464603704,7858898475,,0.48,,
20201208,5112454.3163120988,343185593,,0.03,,
20201208,5442666.6069210320,5130918022,,0.34,,
20201208,5797412.4268230639,6453400215,,0.38,,
20201208,6020319.3841039807,2505147010,,0.0,,
20201208,8048203.9183206021,2131750630,,0.38,,
20201208,8670634.2015391312,5558275041,120,0.25,72.0,21.6
20201208,8942620.3768210351,61461802,,0.39,,
20201208,16272274.3067840734,5217533908,,0.04,,
20201208,25335187.2299023217,8711532328,,0.43,,
20201208,28394349.8695847806,5876088911,,0.13,,
20201208,32190182.0699794389,2039674305,,0.33,,
20201208,41321784.8870049679,1680927285,60,0.39,36.0,-3.0
20201208,766583098.5979816085,2298094221,,0.07,,
20201208,7709361184.1393664585,3097838847,,0.35,,
20201208,2505234.3838284690,2661822093,,0.46,,
20201208,3969719.1370988267,3249970795,,0.26,,
20201208,7676671.1176734435,1504411479,71,0.18,42.6,12.78
20201208,9073224.2742948399,9482655603,,0.46,,
20201208,27946409.7040300456,1946198600,76,0.31,45.6,7.6
20201208,30013802.7072681119,3879740293,,0.38,,
20201208,44356964.3056281867,6897770573,168,0.2,100.8,21.84
20201208,66793226.8520233559,9723532798,,0.18,,
20201208,80060316.2715878645,9714274521,,0.25,,
20201208,1050089385.0196776808,4580724889,,0.08,,
20201208,8839256339.1323107592,4772257821,,0.43,,
20201208,3099934.0263391283,8115379739,404,0.42,242.4,-32.32
20201208,4571300.1430687449,4672967541,,0.28,,
20201208,5002058.4107238120,4067721601,,0.35,,
20201208,66722347.8983163223,7932465119,,0.4,,
20201208,766583098.5979816085,3007807048,,0.24,,
20201208,8086948.1354933724,6722413532,176,0.24,105.6,24.64
20201208,47300109.6237634766,9081871914,,0.07,,
20201208,59655965.0647426255,9802407930,,0.03,,
20201208,6266467.7992501797,8548945532,,0.32,,
20201208,8432100.8786702190,4878094362,,0.03,,
20201208,12411444.0410367159,1132919028,204,0.0,122.4,24.48
20201208,33437776.5040809109,765115802,,0.36,,
20201208,84733987.1998752292,5860377391,,0.46,,
20201208,5761971471.2167723492,4502776080,,0.01,,
20201208,7330479.6061874897,294214081,,0.35,,
20201208,37354985.1803131889,2874479575,,0.33,,
20201208,63837285.4662582710,8920610602,,0.1,,
20201208,99387700.1672480666,640349225,,0.38,,
20210116,1120390.5481159886,1117911815,12,0.44,7.2,0.96
20210116,2248754.7783173763,8201202929,16,0.17,9.6,-0.32
20210116,4182254.4394955103,2916999749,,0.29,,
20210116,4821487.9933529006,,,0.13,,
20210116,7360520.4698929166,2332215228,,0.32,,
20210116,8579773.8025468958,4060707500,14,0.23,8.4,5.18
20210116,8852686.2320515436,5021951306,,0.35,,
20210116,12024949.0365738562,4159477087,,0.28,,
20210116,12024949.0365738562,4159477087,,0.26,,
20210116,73713109.3868001160,5550824377,10,0.11,6.0,3.6
20210116,88416652.0838323875,7010333282,69,0.23,41.4,7.59
20210116,91133314.4607314875,,,0.2,,
20210116,9507289116.7685282362,,,0.25,,
20210116,1120390.5481159886,8076704447,28,0.38,16.8,-0.84
20210116,2552499.2967992898,9880639590,,0.18,,
20210116,4182254.4394955103,8159931531,,0.12,,
20210116,8643281.5509657561,4095665308,,0.08,,
20210116,34009416.7866578706,5427959922,,0.42,,
20210116,63170790.9743904882,1953654233,49,0.38,29.4,4.41
20210116,84183079.9532567931,1169489727,,0.46,,
20210116,2065226.2712631797,9338264612,,0.36,,
20210116,6653444.2272771449,7500240429,,0.29,,
20210116,9507289116.7685282362,3009645205,,0.36,,
20210116,6578204.1614469741,3628356117,,0.11,,
20210116,8615072.6619063078,9690462388,,0.44,,
20210116,6253211.3885054572,3980232108,,0.37,,
20210116,12910025.9027187436,6192298319,,0.25,,
20210105,2459937.2318206302,5644514431,,0.36,,
20210105,2637438.5895621403,6212563615,,0.24,,
20210105,2838161.4781702653,1760361152,,0.44,,
20210105,3056927.8375951035,1170135247,,0.15,,
20210105,3593045.4474754034,2683238987,24,0.44,14.4,3.84
20210105,4181862.5710073931,6350132770,,0.23,,
20210105,5155655.8559554783,863004497,,0.03,,
20210105,5963534.4700679023,6841135978,8,0.46,4.8,2.32
20210105,6115983.2241878817,5530062598,,0.23,,
20210105,9220684.1553390889,8518296394,,0.13,,
20210105,19492128.7016911946,3019900598,,0.41,,
20210105,19492128.7016911946,9818645614,,0.33,,
20210105,24377658.7213551870,8711705095,,0.03,,
20210105,28988900.6959315645,2847456544,24,0.29,14.4,-0.96
20210105,28988900.6959315645,2847456544,24,0.49,14.4,6.48
20210105,32591508.2385963314,748193825,,0.09,,
20210105,39214432.1935349913,,,0.06,,
20210105,45529743.2756914140,3787073366,13,0.48,7.8,1.69
20210105,74972717.1202590271,4855690108,13,0.33,7.8,3.77
20210105,84389355.3658704825,5235745583,48,0.16,28.8,10.56
20210105,84496993.3019099787,4650560576,69,0.22,41.4,0.69
20210105,87431455.4720611025,429368158,24,0.05,14.4,0.48
20210105,6282998.3933758831,9220829238,48,0.39,28.8,13.92
20210105,52461093.3056333183,2659528811,,0.46,,
20210105,73370809.3757379160,1546887661,20,0.08,12.0,2.2
20210105,7312667.0266395141,1798344642,,0.4,,
20210105,41803452.7850037461,5776369993,,0.19,,
20210105,25712283.2548580985,8200614957,,0.25,,
20210105,61389953.5535318141,2483123861,,0.27,,
20210127,1640570.8880108249,,,0.19,,
20210127,2291182.3518179459,9523978626,,0.13,,
20210127,2291182.3518179459,,,0.35,,
20210127,2342971.6074063060,2522935178,,0.15,,
20210127,3027032.3904917454,,,0.09,,
20210127,3262847.4906457278,,,0.32,,
20210127,3604692.1743563681,,,0.47,,
20210127,3909995.5535309633,,,0.2,,
20210127,3921051.5087440564,,,0.24,,
20210127,4537449.6402312251,1036593171,168,0.09,100.8,60.48
20210127,4974239.1610363322,9052521462,,0.02,,
20210127,6038543.2528906652,,,0.24,,
20210127,6149654.3757607604,,,0.32,,
20210127,6149654.3757607604,,,0.24,,
20210127,7195975.1014288023,,,0.35,,
20210127,7905031.0128114009,,,0.23,,
20210127,8846133.3726396176,,,0.22,,
20210127,13910378.6069465786,,,0.02,,
20210127,19659840.7317618179,,,0.02,,
20210127,19963687.0354504348,,,0.17,,
20210127,21127466.2697319204,,,0.2,,
20210127,22030162.5005043943,,,0.01,,
20210127,24216413.3568094065,3345930914,,0.45,,
20210127,24471192.8543126263,,,0.25,,
20210127,27863624.7256240425,4893035703,16,0.44,9.6,5.28
20210127,34317559.7148954604,,,0.22,,
20210127,34851151.7805288077,,,0.12,,
20210127,37657350.9876173824,,,0.45,,
20210127,39049984.4198737878,4680427421,,0.01,,
20210127,39254981.9392319291,,,0.13,,
20210127,42486280.7395375883,,,0.05,,
20210127,43167694.9021346768,8859568554,16,0.36,9.6,0.8
20210127,43167694.9021346768,,,0.43,,
20210127,43954182.0581034502,,,0.38,,
20210127,52031726.0385935363,,,0.01,,
20210127,56085302.1633432749,5546472244,,0.22,,
20210127,56085302.1633432749,,,0.41,,
20210127,56971593.6553626620,,,0.29,,
20210127,56971593.6553626620,,,0.07,,
20210127,57031563.5866097136,,,0.4,,
20210127,59478062.9287302152,,,0.5,,
20210127,63060678.6269508391,,,0.15,,
20210127,64369991.1110095428,4872903143,,0.49,,
20210127,64681465.6816600292,1581551193,,0.43,,
20210127,67648046.0122401051,,,0.23,,
20210127,73143977.4968623389,,,0.27,,
20210127,79194354.8403749496,,,0.28,,
20210127,81702179.6343090113,,,0.03,,
20210127,82699111.6908590067,,,0.45,,
20210127,85093126.5834572152,,,0.07,,
20210127,90691089.7887427562,,,0.34,,
20210127,4468568788.4278721883,,,0.33,,
20210127,5107382543.8207680939,4501934793,16,0.32,9.6,6.08
20210127,5123007663.9429596553,,,0.47,,
20210125,2393244.2245274301,1316995983,,0.07,,
20210125,2798934.1669190108,2501373699,17,0.39,10.2,1.36
20210125,3656062.7172376657,2087940189,16,0.22,9.6,-0.96
20210125,4164125.0295010106,6900789985,44,0.31,26.4,-2.2
20210125,4537895.5543332501,,,0.03,,
20210125,5928479.2791170847,,,0.2,,
20210125,6408056.9668435806,1994682443,,0.2,,
20210125,12545442.9053678590,5657801233,,0.11,,
20210125,13947818.2704676156,5308640195,22,0.42,13.2,4.4
20210125,24730584.3649999643,3467180431,,0.2,,
20210125,29339544.5051604260,8177156089,,0.25,,
20210125,29537351.9278056723,,,0.4,,
20210125,41930655.1128174119,478240433,22,0.07,13.2,1.98
20210125,59728514.6794390622,,,0.33,,
20210125,65074529.5184314763,,,0.5,,
20210125,68008847.1017469833,,,0.29,,
20210125,80818976.3243168408,1334183247,32,0.47,19.2,-1.28
20210125,83964223.5390116210,,,0.31,,
20210125,90281510.6560674856,7543218583,17,0.25,10.2,5.95
20210125,2190489673.9207557312,4430802900,44,0.26,26.4,3.52
20210125,8822878673.4974906772,,,0.45,,
20210125,2588693.4592272163,8729645226,35,0.23,21.0,-3.15
20210125,3064545.2019467351,2971675833,,0.06,,
20210125,4551273.9026395419,241277339,,0.0,,
20210125,8635951.7155332526,3732941480,,0.06,,
20210125,18999567.7932809446,9373092026,91,0.12,54.6,35.49
20210125,65858286.2730201992,9942717540,,0.42,,
20210125,67504810.2599834553,5458907709,,0.24,,
20210125,5416604749.0858960731,4017156989,,0.38,,
20210125,1282829.2912367074,6930172236,104,0.34,62.4,7.28
20210125,4003292.1841257318,6315996685,,0.19,,
20210125,5820769.2126830378,2441277428,52,0.11,31.2,-4.16
20210125,5857016.5621861575,7915408905,,0.26,,
20210125,6685051.1345603732,4548947157,,0.15,,
20210125,8626279.3419238923,4880019417,,0.36,,
20210125,8635951.7155332526,6006010177,,0.14,,
20210125,8635951.7155332526,9880060577,,0.11,,
20210125,8635951.7155332526,9930166593,,0.03,,
20210125,18436463.4630313750,3474189218,,0.46,,
20210125,31417474.8321346201,898503558,,0.2,,
20210125,82769036.0910249611,860064509,,0.33,,
20210125,85716296.2746032609,8108598458,,0.16,,
20210125,4318527027.1396086358,5944863841,,0.39,,
20210125,4532388276.8030432251,6718452854,,0.01,,
20210125,6994218673.7734712667,924061931,,0.3,,
20210125,1394102.7869033217,9422577976,,0.3,,
20210125,2569739.8101031899,2781137405,,0.24,,
20210125,8319735.2431028247,401913056,,0.4,,
20210125,62257296.4539268322,5884265343,,0.46,,
20210125,72935275.0852612888,5459818147,,0.05,,
20210125,84172914.5775541079,5135033911,,0.12,,
20210125,1521415006.8547838009,9949793904,,0.17,,
20210125,1806399.4725727058,1443114188,,0.21,,
20210125,5395593.7397446796,1664773926,,0.15,,
20210125,5555029.1780152336,703129572,,0.47,,
20210125,7191442.1007439176,2159798150,182,0.19,109.2,-12.74
20210125,10543466.9758583606,3014313428,,0.41,,
20210125,88676986.2845052562,9572623911,,0.38,,
20210125,2766869.1150503520,6191666996,,0.03,,
20210125,53782595.8677191987,9974289227,,0.48,,
20210125,99826321.7020196151,2472533525,76,0.28,45.6,10.64
20210120,1477673.1682973285,9309060358,96,0.47,57.6,25.92
20210120,1676350.1289757682,,,0.09,,
20210120,1980255.1350592440,,,0.09,,
20210120,3545895.3677550306,,,0.23,,
20210120,3691687.9126020150,9835534247,44,0.42,26.4,1.76
20210120,3691687.9126020150,192795406,44,0.26,26.4,-3.52
20210120,3691687.9126020150,9835534247,44,0.48,26.4,-3.08
20210120,4147940.4606723766,688171546,44,0.22,26.4,-1.76
20210120,4296769.0350898725,,,0.3,,
20210120,6584802.2768783050,4606548006,,0.22,,
20210120,6914129.2054037797,9473468685,40,0.01,24.0,8.8
20210120,7260075.8826197757,,,0.05,,
20210120,8079006.6650182195,,,0.26,,
20210120,8362017.2427376623,7089154993,,0.05,,
20210120,8921633.6194140757,4675563206,,0.38,,
20210120,11651833.7671554272,6348863541,89,0.45,53.4,-8.9
20210120,14361638.5543305287,,,0.24,,
20210120,15302055.4978490469,6874319684,20,0.17,12.0,3.4
20210120,16936939.1851914312,,,0.32,,
20210120,20292998.6728029825,7288147726,,0.21,,
20210120,21242720.7094333523,9981177708,,0.2,,
20210120,25335884.4954821522,,,0.4,,
20210120,28683334.6180641211,3778572544,,0.4,,
20210120,35763731.0874717473,7951189277,20,0.35,12.0,2.8
20210120,37639821.8285333587,8953879795,,0.13,,
20210120,38990438.1040760285,8718942647,96,0.36,57.6,-4.8
20210120,42832162.1664847488,,,0.05,,
20210120,55002300.9025496492,3312395490,,0.4,,
20210120,63215058.9209523148,,,0.08,,
20210120,64149999.5594434074,3673315676,,0.05,,
20210120,68709941.9241203499,609939712,92,0.36,55.2,-5.52
20210120,91838502.5897605942,,,0.48,,
20210120,7459046621.1245343481,5139983467,,0.41,,
20210120,1542029.2179112950,4811209569,,0.36,,
20210120,1939811.6948974674,567452294,76,0.3,45.6,-3.04
20210120,3508378.0798934557,4365499799,,0.22,,
20210120,4285173.0566058301,8427151470,77,0.02,46.2,2.31
20210120,8602528.7218802080,4383681275,,0.29,,
20210120,14670836.5443476050,1774262489,,0.12,,
20210120,28155107.4937647306,6765339887,,0.19,,
20210120,42349620.0357124530,733810968,34,0.12,20.4,10.88
20210120,46637206.8022807630,5267945608,,0.11,,
20210120,60067158.9754150018,6512079677,42,0.48,25.2,-3.78
20210120,63078466.0698615067,3032055761,,0.03,,
20210120,64212254.2445190855,7891721670,,0.3,,
20210120,71809229.6889565634,6059805919,,0.12,,
20210120,94023659.9782845125,1002355819,,0.19,,
20210120,1641119.5758861487,7709862740,,0.22,,
20210120,2963858.6846171680,5223149348,,0.39,,
20210120,6596516.5623513414,9809054869,,0.41,,
20210120,8562748.1292528562,4511670223,,0.03,,
20210120,9205226.1141427861,431290031,47,0.02,28.2,2.82
20210120,12616947.5651073543,2072359252,67,0.17,40.2,2.01
20210120,24169354.1033931776,497268824,,0.45,,
20210120,36361527.2151608516,582830432,,0.12,,
20210120,39124975.6115059812,4728261811,,0.25,,
20210120,61090488.9613703457,5170105513,,0.12,,
20210120,70133129.7678205313,6986321295,36,0.35,21.6,8.64
20210120,72288121.2421957171,3379715862,,0.26,,
20210120,82858250.0760247395,2325172527,,0.14,,
20210120,88461236.7556243582,9871376283,,0.02,,
20210120,1647443.2667828920,5286594908,,0.09,,
20210120,3962172.0133482614,4855170659,,0.02,,
20210120,4397356.7184930279,5034196052,,0.17,,
20210120,4602632.8640945737,4938563816,,0.09,,
20210120,7064082.7860041455,7153964510,,0.46,,
20210120,8014383.6761870521,1354911019,,0.28,,
20210120,30072670.7590340040,4485838257,,0.12,,
20210120,80093970.4310926841,5499500025,,0.17,,
20210120,4314741588.8945045155,4033551852,122,0.35,73.2,2.44
20210120,1667033.4137815739,3247692785,,0.45,,
20210120,4312288.1910940997,3276357245,,0.34,,
20210120,8350624.0488361089,2938827723,,0.18,,
20210120,44200284.5307032834,3779126356,,0.21,,
20210120,44364780.4705811992,2167772905,,0.41,,
20210120,57237375.7708340805,2664588939,,0.38,,
20210120,70483620.3788783066,270636524,,0.47,,
20210120,3672912.9850906649,7522632702,88,0.08,52.8,14.08
20210120,6956769.0761317548,4416108967,,0.47,,
20210120,17092913.6445812691,9874296040,,0.3,,
20210120,22301850.7055592545,5386105068,,0.38,,
20210120,35347718.5076451257,8912101328,86,0.02,51.6,33.54
20210120,47875006.0956034934,8241747000,89,0.35,53.4,-7.12
20210120,88556371.7879566968,4677462826,,0.09,,
20210120,2422991177.9011347046,4157468043,,0.23,,
20210120,21509530.5446744309,4142507300,,0.21,,
20210120,33441899.6129787929,5276482111,84,0.19,50.4,15.96
20210120,78119366.4954012793,8480274106,,0.03,,
20210120,3124316.3000810644,1971813566,,0.25,,
20210120,55610405.6968910754,7560854477,108,0.44,64.8,23.76
20210120,78091932.1682067766,7613681653,,0.39,,
20210120,86074018.9561167077,9432735824,,0.18,,
20210120,26336473.4191490468,8570058776,,0.38,,
20210120,84389355.3658704825,6923218188,,0.45,,
20210120,5516326.8444687928,107327479,,0.32,,
20210120,8376952.2180638236,7211093640,,0.02,,
20201219,2402576.2075653416,8420930558,,0.15,,
20201219,4048182.4740766081,4752214019,32,0.27,19.2,-2.24
20201219,4228397.9560479355,3027007553,,0.3,,
20201219,5373799.6097004022,3209837855,,0.43,,
20201219,5983009.7119136524,451681423,44,0.16,26.4,13.64
20201219,6280831.3394929997,,,0.19,,
20201219,8536857.0920789613,303583653,,0.44,,
20201219,11945447.0918586260,5456195492,,0.31,,
20201219,14490611.1661326108,2723080077,48,0.28,28.8,9.12
20201219,37493575.0376020341,4819873255,,0.13,,
20201219,39049984.4198737878,3575376079,,0.29,,
20201219,39049984.4198737878,4867726249,,0.46,,
20201219,47809082.2700865658,5181194630,88,0.23,52.8,11.44
20201219,55931358.6296383621,4283715527,15,0.14,9.0,2.4
20201219,55931358.6296383621,4283715527,15,0.12,9.0,1.8
20201219,68478330.4276176256,5219651186,22,0.24,13.2,-1.1
20201219,75634947.6789263686,229376714,30,0.09,18.0,6.0
20201219,86253338.5702333040,5333747053,,0.07,,
20201219,86253338.5702333040,7015647917,,0.22,,
20201219,86253338.5702333040,1782423062,,0.18,,
20201219,86253338.5702333040,7146762596,,0.05,,
20201219,86253338.5702333040,4758898191,,0.37,,
20201219,86253338.5702333040,2720162511,,0.22,,
20201219,7418203637.9546219861,3311369101,24,0.25,14.4,3.6
20201219,1972984.6707484339,9488350990,,0.17,,
20201219,3702643.5920822410,8571495579,90,0.02,54.0,19.8
20201219,4958191.3484019469,7443228984,16,0.37,9.6,-1.6
20201219,7985640.7516718007,2838056418,,0.02,,
20201219,8536857.0920789613,9281117173,,0.18,,
20201219,8536857.0920789613,2150890116,,0.12,,
20201219,41179206.8501474127,6451051724,132,0.07,79.2,1.32
20201219,48856615.5342430257,5669813738,43,0.24,25.8,1.29
20201219,54818265.6577214045,8499846087,,0.01,,
20201219,63336637.2279943127,5624046297,108,0.43,64.8,15.12
20201219,70273900.3717271442,6195440825,,0.32,,
20201219,90269155.5005493831,8524999174,41,0.07,24.6,4.51
20201219,1859363.5805703761,1390851640,38,0.44,22.8,12.16
20201219,7171332.8572143041,3855851021,26,0.26,15.6,9.36
20201219,22941144.0166280987,3808001742,,0.21,,
20201219,22941144.0166280987,6537170617,,0.37,,
20201219,39049984.4198737878,6545741982,,0.4,,
20201219,75571709.1157982540,3937044140,,0.11,,
20201219,84534898.7989426950,5099246420,,0.05,,
20201219,1583669.4669902363,7433502921,,0.3,,
20201219,1874599.7824854030,6813782819,,0.1,,
20201219,1874599.7824854030,3283886563,,0.16,,
20201219,8687815.2855089496,144160065,,0.09,,
20201219,7087497059.2441082427,6614316079,,0.39,,
20201219,15894992.4328529401,2309584587,,0.29,,
20201219,80017305.4643797115,1473384867,,0.23,,
20201219,52073744.5585474753,6904631175,,0.44,,
20201219,628363132.9737513033,4681526401,,0.16,,
20201109,1451078.8215732025,,,0.31,,
20201109,1451078.8215732025,,28,0.14,16.8,5.32
20201109,1451078.8215732025,,20,0.32,12.0,5.0
20201109,3683946.7006356487,,22,0.41,13.2,0.22
20201109,3683946.7006356487,,22,0.41,13.2,-0.66
20201109,4173503.5366002223,,,0.11,,
20201109,4173503.5366002223,,,0.07,,
20201109,4173503.5366002223,,14,0.12,8.4,2.24
20201109,4173503.5366002223,,14,0.33,8.4,0.14
20201109,5693966.5489946629,,,0.47,,
20201109,6510035.0529463945,,16,0.33,9.6,-0.48
20201109,13043200.8424953018,,,0.23,,
20201109,16477800.9247058873,,,0.28,,
20201109,20492746.1993325002,,,0.34,,
20201109,53850146.2835026123,,37,0.5,22.2,11.47
20201109,56113571.7461187367,,,0.25,,
20201109,58104072.2659495100,,,0.21,,
20201109,59431741.0928386336,,22,0.26,13.2,7.92
20201109,74576246.9093845667,,44,0.3,26.4,8.36
20201109,75317932.0666442596,,3,0.14,1.8,0.39
20201109,3444436.2585949378,,40,0.04,24.0,-2.8
20201109,5444054.0299206594,,,0.34,,
20201109,5565016.9227598069,,,0.48,,
20201109,7124838.0228509311,,,0.48,,
20201109,7711053.0709227584,,,0.49,,
20201109,18724686.8012593017,,,0.47,,
20201109,31940764.0532258933,,64,0.25,38.4,-1.28
20201109,41405209.5902280874,,34,0.13,20.4,9.86
20201109,56113571.7461187367,,,0.02,,
20201109,62700534.0597733300,,,0.25,,
20201109,75946438.5225154555,,,0.1,,
20201109,7316230097.2070552331,,,0.04,,
20201109,1587754.2157731656,,,0.2,,
20201109,4067712.1364874133,,,0.05,,
20201109,4511811.3990598489,,,0.37,,
20201109,4511811.3990598489,,,0.14,,
20201109,4511811.3990598489,,19,0.37,11.4,1.33
20201109,4511811.3990598489,,,0.21,,
20201109,4511811.3990598489,,22,0.26,13.2,8.14
20201109,6212731.0009421838,,,0.27,,
20201109,6809600.2578767288,,,0.41,,
20201109,7528628.4608806903,,,0.09,,
20201109,38054334.2240709458,,,0.24,,
20201109,81824760.1222124625,,,0.32,,
20201109,5788686572.5981505502,,74,0.09,44.4,17.02
20201109,1189643.6653312879,,,0.44,,
20201109,4618534.6319990306,,,0.07,,
20201109,5833707.4640795740,,,0.05,,
20201109,6086858.9440406777,,,0.39,,
20201109,75946438.5225154555,,,0.42,,
20201109,558932409.3066394174,,,0.42,,
20201109,8245686.1133438238,,,0.24,,
20201130,2028522.0201942206,9073737115,,0.39,,
20201130,2082729.0477339221,117405013,,0.48,,
20201130,2873862.9309388718,4774738801,,0.04,,
20201130,3306493.6869699768,8139314588,69,0.34,41.4,19.32
20201130,3327202.0943712796,4365109852,22,0.14,13.2,0.0
20201130,4096423.2647740834,,,0.0,,
20201130,4956831.5685051736,5494387228,92,0.47,55.2,8.28
20201130,5776696.8626570449,,,0.21,,
20201130,6272530.1263809832,2614898666,24,0.14,14.4,6.48
20201130,6307506.0897275676,856067262,44,0.11,26.4,2.64
20201130,6405125.4983649700,6379560291,,0.3,,
20201130,6476625.4953512502,2001642217,,0.48,,
20201130,7393648.1873812517,5691577120,24,0.24,14.4,6.0
20201130,7722805.2360482435,1195399155,,0.36,,
20201130,8680294.6850188531,6586818327,44,0.48,26.4,16.72
20201130,9992779.7021507317,6267474320,20,0.25,12.0,-0.4
20201130,9992779.7021507317,62466106,,0.14,,
20201130,18498851.9195881231,6660041519,24,0.42,14.4,6.72
20201130,24039713.3893436235,6350937719,28,0.3,16.8,8.4
20201130,38018259.3746869511,2983326550,54,0.2,32.4,20.52
20201130,43719217.6938465168,5436206339,24,0.41,14.4,-0.24
20201130,46713699.8088713367,4700928090,48,0.46,28.8,11.04
20201130,50121199.4323445332,521631543,,0.27,,
20201130,50131723.8552639593,294888885,17,0.36,10.2,-0.34
20201130,50264907.6315911120,7955996816,25,0.07,15.0,5.25
20201130,50264907.6315911120,7770417150,15,0.33,9.0,1.8
20201130,50264907.6315911120,9037758114,20,0.14,12.0,-1.2
20201130,52190515.2041872856,3771637340,25,0.28,15.0,5.25
20201130,55069846.3105567454,,,0.19,,
20201130,56840968.3563409774,,,0.02,,
20201130,57965823.6355901348,2536134772,,0.45,,
20201130,58442179.0715020466,2874590131,,0.45,,
20201130,59568325.0734810744,4116424515,,0.49,,
20201130,60536675.2873170774,4869898302,12,0.13,7.2,-0.96
20201130,60912152.9190191451,6907760603,,0.25,,
20201130,62352188.0721262860,7450223670,,0.32,,
20201130,65083326.2702378833,6602968831,12,0.22,7.2,0.6
20201130,82102048.1975466467,,,0.14,,
20201130,93790140.2924262721,6676613463,,0.07,,
20201130,93790140.2924262721,2990945328,16,0.27,9.6,-1.6
20201130,6305601780.6598938086,217298741,40,0.02,24.0,2.4
20201130,6429413943.0975708335,6596233721,,0.24,,
20201130,7851717310.4801484131,2611259647,,0.46,,
20201130,1192137.7038531452,7929517126,,0.45,,
20201130,1367377.3916474675,2689586714,40,0.13,24.0,4.4
20201130,1424156.5448723626,8622814193,,0.22,,
20201130,2128096.6237048343,4585747236,40,0.42,24.0,0.0
20201130,2170882.2918427094,3655897992,,0.08,,
20201130,2221714.1060184059,2640041541,,0.33,,
20201130,2873862.9309388718,5272803044,,0.15,,
20201130,5934688.8369478246,2890333364,,0.33,,
20201130,7639123.9923154617,4378907239,115,0.27,69.0,2.3
20201130,8163514.4352723536,9289563197,,0.15,,
20201130,8764422.5504594869,1456497142,,0.4,,
20201130,9047104.0893275400,7754328626,,0.17,,
20201130,12813365.2129427856,508608589,,0.49,,
20201130,14427748.6131716710,5204161507,,0.23,,
20201130,19419805.4591946938,2539514218,,0.11,,
20201130,22342515.7470426533,9484041333,,0.26,,
20201130,28250200.9798495385,1594191284,,0.33,,
20201130,31825674.2113685011,7248390155,104,0.2,62.4,12.48
20201130,34140706.2517225165,9415316034,,0.09,,
20201130,34756247.3212719194,571848413,,0.47,,
20201130,42898775.5372388229,995899068,,0.07,,
20201130,48154162.5010970818,9582442719,,0.37,,
20201130,56058107.1090429889,1403550337,88,0.04,52.8,27.28
20201130,58083221.3332935704,3435536704,,0.17,,
20201130,68013390.7379951300,993535631,,0.19,,
20201130,73449982.7685842628,286991805,,0.42,,
20201130,81748942.8201234491,3817586825,33,0.39,19.8,-1.98
20201130,84404754.7597435906,9403066796,,0.05,,
20201130,85426868.9776141044,5793818071,,0.04,,
20201130,89838993.1618154078,6772882168,,0.04,,
20201130,89838993.1618154078,6772882168,,0.01,,
20201130,89838993.1618154078,6772882168,,0.4,,
20201130,1395824.1622992884,7689146654,220,0.09,132.0,-4.4
20201130,1452482.7324331777,6762689163,,0.21,,
20201130,1706011.8461395358,5411280594,,0.29,,
20201130,1832855.2035957845,505363910,,0.11,,
20201130,2873862.9309388718,3185937421,,0.24,,